OrderInContainer, ChunkId, PackageId, PackageName, Filename, ContainerName, Offset, OffsetOnDisk, Size, CompressedSize, Hash, ChunkType, ClassType, PakChunk, Platform, InstallType, DeliveryType, PartitionIndex, OffsetInPartition
0, 1229ab3a7f20d99700000008, 0x97D9207F3AAB2912, , ../../../TPSGunsDemo/Content/ShaderArchive-TPSGunsDemo_Chunk2-PCD3D_SM5-PCD3D_SM5.ushaderbytecode, pakchunk2-Windows, 0, 0, 2124, 2124, 0x7b37fcc0d860fb33a77c6ac2cdbab86ab0f73b26, ShaderCodeLibrary, , pakchunk2, Windows, Base, Installed, 0, 0
1, 4613dca3d468e28700000008, 0x87E268D4A3DC1346, , ../../../TPSGunsDemo/Content/ShaderArchive-TPSGunsDemo_Chunk2-PCD3D_SM6-PCD3D_SM6.ushaderbytecode, pakchunk2-Windows, 65536, 4096, 3388, 3388, 0xcc2c4f44bb57e095fa52e1402752f32bda548424, ShaderCodeLibrary, , pakchunk2, Windows, Base, Installed, 0, 4096
2, e74ff9ae535f354500000008, 0x45355F53AEF94FE7, , ../../../TPSGunsDemo/Content/ShaderArchive-TPSGunsDemo_Chunk2-SF_VULKAN_SM6-VULKAN_SM6.ushaderbytecode, pakchunk2-Windows, 131072, 8192, 3360, 3360, 0x5fd6ee863dffcdc8994f86d29a2bd67cf0b9cfb2, ShaderCodeLibrary, , pakchunk2, Windows, Base, Installed, 0, 8192
3, 31e752d93c9c8c2900000009, 0x298C9C3CD952E731, , <ShaderCode>, pakchunk2-Windows, 196608, 12288, 2081, 2081, 0x29b9ce0f70ab62d433127c2493f7ff655bbbc337, ShaderCode, , pakchunk2, Windows, Base, Installed, 0, 12288
4, 252a6f111dfde04500000009, 0x45E0FD1D116F2A25, , <ShaderCode>, pakchunk2-Windows, 262144, 16384, 11098, 11098, 0x5e4b3f759b926ec5a042ff6a1c880184f486ca62, ShaderCode, , pakchunk2, Windows, Base, Installed, 0, 16384
5, 77d610806efe6e6f00000009, 0x6F6EFE6E8010D677, , <ShaderCode>, pakchunk2-Windows, 327680, 28672, 7077, 7077, 0x6e9e72ad8abf8b52018674a20c570d0cd7eba3ee, ShaderCode, , pakchunk2, Windows, Base, Installed, 0, 28672
6, 9de9a0302daf907f00000009, 0x7F90AF2D30A0E99D, , <ShaderCode>, pakchunk2-Windows, 393216, 36864, 9341, 9341, 0xf4e7cfbcf3b747ad80f29e3cc25af257714f21b7, ShaderCode, , pakchunk2, Windows, Base, Installed, 0, 36864
7, c3a17196584f4af500000009, 0xF54A4F589671A1C3, , <ShaderCode>, pakchunk2-Windows, 458752, 47104, 7646, 7646, 0xba8e0c97f1dcf02f72c1b6acb1a2988a7f1c7de7, ShaderCode, , pakchunk2, Windows, Base, Installed, 0, 47104
8, db22581e9e7d168a00000009, 0x8A167D9E1E5822DB, , <ShaderCode>, pakchunk2-Windows, 524288, 55296, 5046, 5046, 0xf9ee114b37e31c07f7bf020b650d3ff6f4eacdc4, ShaderCode, , pakchunk2, Windows, Base, Installed, 0, 55296
9, 6a22d498b96c49da00000009, 0xDA496CB998D4226A, , <ShaderCode>, pakchunk2-Windows, 589824, 61440, 3788, 3788, 0x982434badbb255021aa9985b7298c28513b105a6, ShaderCode, , pakchunk2, Windows, Base, Installed, 0, 61440
10, a98b983ea242fdb100000009, 0xB1FD42A23E988BA9, , <ShaderCode>, pakchunk2-Windows, 655360, 65536, 3663, 3663, 0x2f641333a166b9283c5ffc08da80f009966ba17c, ShaderCode, , pakchunk2, Windows, Base, Installed, 0, 65536
11, f21a146efa4e0d3500000009, 0x350D4EFA6E141AF2, , <ShaderCode>, pakchunk2-Windows, 720896, 69632, 5646, 5646, 0x62bb36e7f802b00da76d243b4787f1802fb9f908, ShaderCode, , pakchunk2, Windows, Base, Installed, 0, 69632
12, 599dab75e3384d3900000009, 0x394D38E375AB9D59, , <ShaderCode>, pakchunk2-Windows, 786432, 75776, 3905, 3905, 0x94b00d13531858551aa3a15f50e35212e0e7ec7a, ShaderCode, , pakchunk2, Windows, Base, Installed, 0, 75776
13, 3cb2f74e4fec7ab200000009, 0xB27AEC4F4EF7B23C, , <ShaderCode>, pakchunk2-Windows, 851968, 79872, 2026, 2026, 0x6315953a9ea42fcad9d5739336afe71a39be8e00, ShaderCode, , pakchunk2, Windows, Base, Installed, 0, 79872
14, c28c2c29cbdb4d8800000009, 0x884DDBCB292C8CC2, , <ShaderCode>, pakchunk2-Windows, 917504, 81920, 7591, 7591, 0x3eed8da40cb8d739366868876c67009e6e2741f8, ShaderCode, , pakchunk2, Windows, Base, Installed, 0, 81920
15, 9609c56f3e4d1a1400000009, 0x141A4D3E6FC50996, , <ShaderCode>, pakchunk2-Windows, 983040, 90112, 10278, 10278, 0x7290cbd9856d73e54446e6c5e581522d07604fc4, ShaderCode, , pakchunk2, Windows, Base, Installed, 0, 90112
16, afbcc632294e2b5f00000009, 0x5F2B4E2932C6BCAF, , <ShaderCode>, pakchunk2-Windows, 1048576, 102400, 8407, 8407, 0x63f2c2638331584ba988d5a0a956bb4f7cabb7d5, ShaderCode, , pakchunk2, Windows, Base, Installed, 0, 102400
17, 8181763f461f081100000009, 0x11081F463F768181, , <ShaderCode>, pakchunk2-Windows, 1114112, 112640, 2675, 2675, 0x30a8e96b86b10fd51e1ba8284157a3b74aacfc61, ShaderCode, , pakchunk2, Windows, Base, Installed, 0, 112640
18, faae15f629480e9900000009, 0x990E4829F615AEFA, , <ShaderCode>, pakchunk2-Windows, 1179648, 116736, 3468, 3468, 0x88226b74c48f984b99905c2cd5e5fd3e9dd190d1, ShaderCode, , pakchunk2, Windows, Base, Installed, 0, 116736
19, 5cd4e06b69db4a9400000009, 0x944ADB696BE0D45C, , <ShaderCode>, pakchunk2-Windows, 1245184, 120832, 5056, 5056, 0x665c62a0be458f600db96de312ffcbf41c44fa50, ShaderCode, , pakchunk2, Windows, Base, Installed, 0, 120832
20, 67a98d3c80b4c96600000009, 0x66C9B4803C8DA967, , <ShaderCode>, pakchunk2-Windows, 1310720, 126976, 7679, 7679, 0x0548a4b762d525b66381a5cdc8e7456ac086e59c, ShaderCode, , pakchunk2, Windows, Base, Installed, 0, 126976
21, 5c87b4514519cd8300000009, 0x83CD194551B4875C, , <ShaderCode>, pakchunk2-Windows, 1376256, 135168, 7150, 7150, 0x0f38662f39376928db0dbf762fa813f483e962b5, ShaderCode, , pakchunk2, Windows, Base, Installed, 0, 135168
22, aeb90687923fe53a00000009, 0x3AE53F928706B9AE, , <ShaderCode>, pakchunk2-Windows, 1441792, 143360, 6082, 6082, 0xde51aea0cc710cfa7039ba9941dd12dde9f814c9, ShaderCode, , pakchunk2, Windows, Base, Installed, 0, 143360
23, 45434ec658c72cc700000009, 0xC72CC758C64E4345, , <ShaderCode>, pakchunk2-Windows, 1507328, 149504, 8808, 8808, 0xaf8af3277ff6aee737e173b996a01a06c134f4e8, ShaderCode, , pakchunk2, Windows, Base, Installed, 0, 149504
24, efcd74ff615485cb00000001, 0xCB855461FF74CDEF, , ../../../TPSGunsDemo/Plugins/LyraExampleContent/Content/Materials/Textures/T_Concrete_Normal.uasset, pakchunk2-Windows, 1572864, 158320, 6542, 547, 0x8c79d1b3d92cb74a225f59786514aff132be5184, ExportBundleData, , pakchunk2, Windows, Base, Installed, 0, 158320
25, 8f428397e8d279aa00000001, 0xAA79D2E89783428F, , ../../../TPSGunsDemo/Plugins/LyraExampleContent/Content/Materials/Textures/T_Concrete_Glossiness.uasset, pakchunk2-Windows, 1638400, 159744, 3798, 1398, 0x88ad9d6d23ccb8b72ffbd117d2e0f6076b77c7aa, ExportBundleData, , pakchunk2, Windows, Base, Installed, 0, 159744
26, 13fa7f3dba75a23e00000001, 0x3EA275BA3D7FFA13, , ../../../TPSGunsDemo/Plugins/LyraExampleContent/Content/Materials/MI_MS_Surface_6.uasset, pakchunk2-Windows, 1703936, 161792, 1701, 1111, 0x8db70b4dea62753c5d6c811739c78a0143e2e277, ExportBundleData, , pakchunk2, Windows, Base, Installed, 0, 161792
27, 213140b44295a6ea00000001, 0xEAA69542B4403121, , ../../../TPSGunsDemo/Plugins/GameFeatures/TopDownArena/Content/Game/Effects/PickUp/T_BombPickUp.uasset, pakchunk2-Windows, 1769472, 162912, 3737, 576, 0x6ba0f07f775b31c801ed9a85279500762fc7e983, ExportBundleData, , pakchunk2, Windows, Base, Installed, 0, 162912
28, 70fa94a9a0952ceb00000001, 0xEB2C95A0A994FA70, , ../../../TPSGunsDemo/Plugins/GameFeatures/TopDownArena/Content/Game/Effects/PickUp/M_WoodBoxPickUp.uasset, pakchunk2-Windows, 1835008, 163840, 15962, 3243, 0xb6cb165d03824430d4c348bbeb858aa6fb6ccca0, ExportBundleData, , pakchunk2, Windows, Base, Installed, 0, 163840
29, 7816b3e74f39508400000009, 0x8450394FE7B31678, , <ShaderCode>, pakchunk2-Windows, 1900544, 167936, 4896, 4896, 0xe4c59d45c32336653fbe78782568f0dddc0be459, ShaderCode, , pakchunk2, Windows, Base, Installed, 0, 167936
30, 84214e88e483d5fe00000009, 0xFED583E4884E2184, , <ShaderCode>, pakchunk2-Windows, 1966080, 174080, 39181, 39181, 0xf303bcc9418d3fd7a1408049c6e7547a826b3507, ShaderCode, , pakchunk2, Windows, Base, Installed, 0, 174080
31, 77e743d5955c74e500000009, 0xE5745C95D543E777, , <ShaderCode>, pakchunk2-Windows, 2031616, 215040, 46941, 46941, 0xd55e83ad452a3a4df501995b1922ef12565c441f, ShaderCode, , pakchunk2, Windows, Base, Installed, 0, 215040
32, e9441cb6725ad9d600000001, 0xD6D95A72B61C44E9, , ../../../TPSGunsDemo/Plugins/GameFeatures/TopDownArena/Content/Game/Bombs/BombPulseTime.uasset, pakchunk2-Windows, 2097152, 262144, 712, 712, 0xe5ae222528e22a5fc1a892a58f3dc15cff408e5a, ExportBundleData, , pakchunk2, Windows, Base, Installed, 0, 262144
33, 45a865c6e46ad8c400000001, 0xC4D86AE4C665A845, , ../../../TPSGunsDemo/Plugins/GameFeatures/TopDownArena/Content/Game/Effects/Bomb/M_ExplosionMaterial.uasset, pakchunk2-Windows, 2162688, 264192, 24824, 4216, 0x27bd80a4f2f9b4035ebe7d3b32e236335f680dae, ExportBundleData, , pakchunk2, Windows, Base, Installed, 0, 264192
34, c7346224ff2ca14a00000009, 0x4AA12CFF246234C7, , <ShaderCode>, pakchunk2-Windows, 2228224, 270336, 12867, 12867, 0xaff9535e8221d1c326f37ab68a11b11a95fecead, ShaderCode, , pakchunk2, Windows, Base, Installed, 0, 270336
35, 9e826d74130aca3d00000009, 0x3DCA0A13746D829E, , <ShaderCode>, pakchunk2-Windows, 2293760, 284672, 87905, 87905, 0x88b26a19ec8819c88f7f1612966ab1209a544ee8, ShaderCode, , pakchunk2, Windows, Base, Installed, 0, 284672
36, 2ca8713b481e0aa200000009, 0xA20A1E483B71A82C, , <ShaderCode>, pakchunk2-Windows, 2424832, 372736, 72340, 72340, 0x562580f61173ab44e332f6ff23573360b0235f32, ShaderCode, , pakchunk2, Windows, Base, Installed, 0, 372736
37, 4d21e5325942bfbf00000001, 0xBFBF425932E5214D, , ../../../TPSGunsDemo/Plugins/GameFeatures/TopDownArena/Content/Game/Effects/PickUp/M_VerticalGradient.uasset, pakchunk2-Windows, 2555904, 446464, 27724, 4266, 0x8e15acb2dc277a4b66cf941b816aa260652591aa, ExportBundleData, , pakchunk2, Windows, Base, Installed, 0, 446464
38, 05adb43b15bb988400000009, 0x8498BB153BB4AD05, , <ShaderCode>, pakchunk2-Windows, 2621440, 452608, 66981, 66981, 0x947cd2f18c7395c5c753538fd2264d77e9527940, ShaderCode, , pakchunk2, Windows, Base, Installed, 0, 452608
39, cf997e0ab340e5ed00000009, 0xEDE540B30A7E99CF, , <ShaderCode>, pakchunk2-Windows, 2752512, 520192, 82144, 82144, 0xd13210d9b0fb968212568e1efc04e8f85e0c3980, ShaderCode, , pakchunk2, Windows, Base, Installed, 0, 520192
40, f49754ff64bea81100000009, 0x11A8BE64FF5497F4, , <ShaderCode>, pakchunk2-Windows, 2883584, 604160, 12804, 12804, 0xafaa6997a8da347ccd2b007536d4ebdda76651ab, ShaderCode, , pakchunk2, Windows, Base, Installed, 0, 604160
41, 12eef3ad308107b200000001, 0xB2078130ADF3EE12, , ../../../TPSGunsDemo/Plugins/GameFeatures/TopDownArena/Content/Game/Pickups/T_BombCountUp.uasset, pakchunk2-Windows, 2949120, 616976, 6326, 1509, 0xb2a3c15eddaeba23534c09dd87cad8ad41929860, ExportBundleData, , pakchunk2, Windows, Base, Installed, 0, 616976
42, b770ad9a4a116eaa00000001, 0xAA6E114A9AAD70B7, , ../../../TPSGunsDemo/Plugins/GameFeatures/TopDownArena/Content/Game/Bombs/GE_IncrementBombsRemaining.uasset, pakchunk2-Windows, 3014656, 618496, 963, 963, 0x60b8f14f3a4f0ad41750bb0022bb8275076d778f, ExportBundleData, , pakchunk2, Windows, Base, Installed, 0, 618496
43, 9d0b137c45a1099e00000001, 0x9E09A1457C130B9D, , ../../../TPSGunsDemo/Plugins/GameFeatures/TopDownArena/Content/Game/Bombs/Cue_DropBomb.uasset, pakchunk2-Windows, 3080192, 619472, 724, 724, 0x38fb89ce5991e3bc73eef6872ec361a446c18031, ExportBundleData, , pakchunk2, Windows, Base, Installed, 0, 619472
44, b4e2783213b7649000000001, 0x9064B7133278E2B4, , ../../../TPSGunsDemo/Plugins/GameFeatures/TopDownArena/Content/Game/Pickups/T_BombRangeUp.uasset, pakchunk2-Windows, 3145728, 620544, 6326, 1790, 0x1d82d4b2845b29484cc47403d088db4fe9336706, ExportBundleData, , pakchunk2, Windows, Base, Installed, 0, 620544
45, 58eda0a1268b878b00000001, 0x8B878B26A1A0ED58, , ../../../TPSGunsDemo/Plugins/GameFeatures/TopDownArena/Content/Game/GA_ArenaHero_Death.uasset, pakchunk2-Windows, 3211264, 622592, 2684, 1520, 0x01b54ba5b8af5eb4a814f26f0821ef01fb9daebd, ExportBundleData, , pakchunk2, Windows, Base, Installed, 0, 622592
46, d81551960250816a00000001, 0x6A815002965115D8, , ../../../TPSGunsDemo/Plugins/GameFeatures/TopDownArena/Content/Game/Pickups/GET_ArenaPickup_Base.uasset, pakchunk2-Windows, 3276800, 624640, 760, 760, 0x600e708cf6497fc9e278f3da625afabb64fedbcd, ExportBundleData, , pakchunk2, Windows, Base, Installed, 0, 624640
47, b0c19bed00892e6a00000001, 0x6A2E8900ED9BC1B0, , ../../../TPSGunsDemo/Plugins/GameFeatures/TopDownArena/Content/Game/Bombs/TestCurveAtlas.uasset, pakchunk2-Windows, 3342336, 625408, 1645, 710, 0xa9c81d15b8b9e1960d90b4119fbbf2fd13f0f2fc, ExportBundleData, , pakchunk2, Windows, Base, Installed, 0, 625408
48, 1ae4a41dcdd1e85600000001, 0x56E8D1CD1DA4E41A, , ../../../TPSGunsDemo/Plugins/GameFeatures/TopDownArena/Content/Game/Effects/SM_GeoSphere.uasset, pakchunk2-Windows, 3407872, 626688, 20565, 6420, 0xd0f074d21dfe91d1c8bb0b3fa679fc4f15fe099b, ExportBundleData, , pakchunk2, Windows, Base, Installed, 0, 626688
49, 1a3cd19624ce39dd00000001, 0xDD39CE2496D13C1A, , ../../../TPSGunsDemo/Plugins/GameFeatures/TopDownArena/Content/Game/Effects/NS_BombFuse.uasset, pakchunk2-Windows, 3473408, 634880, 19625, 7770, 0xbccbe33eb3e14c7788f436c2fe88ce032ffc3fc6, ExportBundleData, , pakchunk2, Windows, Base, Installed, 0, 634880
50, 2f9c8cae3c2ce44d00000001, 0x4DE42C3CAE8C9C2F, , ../../../TPSGunsDemo/Plugins/GameFeatures/TopDownArena/Content/Game/Bombs/GE_DecrementBombsRemaining.uasset, pakchunk2-Windows, 3538944, 643072, 963, 963, 0xb50fead4e1f65f4fc2e0d215980077ddc9876fb2, ExportBundleData, , pakchunk2, Windows, Base, Installed, 0, 643072
51, 68b49329cca0787f00000001, 0x7F78A0CC2993B468, , ../../../TPSGunsDemo/Plugins/GameFeatures/TopDownArena/Content/Game/InputData_Arena.uasset, pakchunk2-Windows, 3604480, 644048, 555, 555, 0x8e112e6c4e338108705a9a49dfbe85e8fba21d73, ExportBundleData, , pakchunk2, Windows, Base, Installed, 0, 644048
52, d2695243088b944900000001, 0x49948B08435269D2, , ../../../TPSGunsDemo/Plugins/GameFeatures/TopDownArena/Content/Game/Effects/PickUp/M_Bomb.uasset, pakchunk2-Windows, 3670016, 645120, 15197, 3048, 0xb1f494416a376ba83e38901eec12185f995ec201, ExportBundleData, , pakchunk2, Windows, Base, Installed, 0, 645120
53, a78e89cce9aa4fd100000009, 0xD14FAAE9CC898EA7, , <ShaderCode>, pakchunk2-Windows, 3735552, 649216, 2894, 2894, 0xb5c90069ab76c193fa666986f6bb07d78785c69a, ShaderCode, , pakchunk2, Windows, Base, Installed, 0, 649216
54, 9826eabeb9201c3f00000009, 0x3F1C20B9BEEA2698, , <ShaderCode>, pakchunk2-Windows, 3801088, 653312, 36248, 36248, 0x61764549dc560472a9567c810e9e8438cccf5470, ShaderCode, , pakchunk2, Windows, Base, Installed, 0, 653312
55, 791a5323d0449a7e00000009, 0x7E9A44D023531A79, , <ShaderCode>, pakchunk2-Windows, 3866624, 690176, 29566, 29566, 0x262ae160801c00e1bc511c37c68279137cb4aea3, ShaderCode, , pakchunk2, Windows, Base, Installed, 0, 690176
56, a97e81365d0002b100000001, 0xB102005D36817EA9, , ../../../TPSGunsDemo/Plugins/GameFeatures/TopDownArena/Content/Game/Effects/PickUp/SM_ExtraBomb.uasset, pakchunk2-Windows, 3932160, 720896, 87133, 27368, 0xd98e31b17a31cc5ae3abb59192848a9a4a75ccf0, ExportBundleData, , pakchunk2, Windows, Base, Installed, 0, 720896
57, 3b1b83741cf2673200000001, 0x3267F21C74831B3B, , ../../../TPSGunsDemo/Plugins/GameFeatures/TopDownArena/Content/Game/CM_ArenaFramingCamera.uasset, pakchunk2-Windows, 4063232, 748288, 737, 737, 0x1cfd3e9e09455d558382c76fc0758d3dcb67ef8f, ExportBundleData, , pakchunk2, Windows, Base, Installed, 0, 748288
58, cc2718eeb2a1382200000001, 0x2238A1B2EE1827CC, , ../../../TPSGunsDemo/Plugins/GameFeatures/TopDownArena/Content/Game/Bombs/GE_Damaged_By_Bomb.uasset, pakchunk2-Windows, 4128768, 749568, 1546, 834, 0x3a6463cf8f1a85851f74d65f44673ee3764a6bbc, ExportBundleData, , pakchunk2, Windows, Base, Installed, 0, 749568
59, e7f2b1760d0e9e2000000001, 0x209E0E0D76B1F2E7, , ../../../TPSGunsDemo/Plugins/GameFeatures/TopDownArena/Content/Game/Bombs/DropBomb_Montage.uasset, pakchunk2-Windows, 4194304, 750416, 1030, 685, 0x0cb175ed16cadd2e177fb0eee7e1fdced68d83d7, ExportBundleData, , pakchunk2, Windows, Base, Installed, 0, 750416
60, 92ff62899f817a1d00000001, 0x1D7A819F8962FF92, , ../../../TPSGunsDemo/Plugins/GameFeatures/TopDownArena/Content/Game/Effects/PickUp/SM_ExtraRange.uasset, pakchunk2-Windows, 4259840, 751616, 9692, 3001, 0x6f0f14294b0645a75ba7cb05df12500e9b76bfc4, ExportBundleData, , pakchunk2, Windows, Base, Installed, 0, 751616
61, 0e7a959112fda41c00000001, 0x1CA4FD1291957A0E, , ../../../TPSGunsDemo/Plugins/GameFeatures/TopDownArena/Content/Game/Effects/M_Sparks_No_AA.uasset, pakchunk2-Windows, 4325376, 755712, 20965, 3781, 0x508fdbf11aeb644bc079441e1b79b736d439d636, ExportBundleData, , pakchunk2, Windows, Base, Installed, 0, 755712
62, 6c457f77804308dd00000009, 0xDD084380777F456C, , <ShaderCode>, pakchunk2-Windows, 4390912, 759808, 67788, 67788, 0xa211253bc1a8fb433e6b90ef56ae441bc694f81e, ShaderCode, , pakchunk2, Windows, Base, Installed, 0, 759808
63, 5f25783b82ace7b900000009, 0xB9E7AC823B78255F, , <ShaderCode>, pakchunk2-Windows, 4521984, 829440, 10360, 10360, 0xb58825197fe49507c9e86491168588b6b5696f8c, ShaderCode, , pakchunk2, Windows, Base, Installed, 0, 829440
64, ad3a2b98d4d7523000000009, 0x3052D7D4982B3AAD, , <ShaderCode>, pakchunk2-Windows, 4587520, 841728, 55644, 55644, 0xe909820a51e375a782c24db6d1ab597701725f53, ShaderCode, , pakchunk2, Windows, Base, Installed, 0, 841728
65, 3026cbe86a1b8ed100000001, 0xD18E1B6AE8CB2630, , ../../../TPSGunsDemo/Plugins/GameFeatures/TopDownArena/Content/Game/Effects/Player/M_PlayerCircle.uasset, pakchunk2-Windows, 4653056, 899072, 14540, 3225, 0x13a10aaa817d9e80945ba817d70047b0d39d58d7, ExportBundleData, , pakchunk2, Windows, Base, Installed, 0, 899072
66, 41a8fa09feaebf2f00000009, 0x2FBFAEFE09FAA841, , <ShaderCode>, pakchunk2-Windows, 4718592, 903168, 33947, 33947, 0x8c868c6e827d80077fe5750cb2af3f2ab44dcb71, ShaderCode, , pakchunk2, Windows, Base, Installed, 0, 903168
67, 3d7a73c7ccef207400000009, 0x7420EFCCC7737A3D, , <ShaderCode>, pakchunk2-Windows, 4784128, 937984, 28474, 28474, 0xdf7b913e41edfc8ec6346685df3b2638b8770ba9, ShaderCode, , pakchunk2, Windows, Base, Installed, 0, 937984
68, 084feac9bef0978800000009, 0x8897F0BEC9EA4F08, , <ShaderCode>, pakchunk2-Windows, 4849664, 966656, 5119, 5119, 0x49efe4019413583cdacc6f9685fa482d06ff701c, ShaderCode, , pakchunk2, Windows, Base, Installed, 0, 966656
69, 6677455d6433e71900000001, 0x19E733645D457766, , ../../../TPSGunsDemo/Plugins/GameFeatures/TopDownArena/Content/Game/Bombs/Explosion22.uasset, pakchunk2-Windows, 4915200, 971776, 502, 502, 0x1ad033d9f1f22266e412ad65881ca49bea05692e, ExportBundleData, , pakchunk2, Windows, Base, Installed, 0, 971776
70, a5afae6e872a3b1700000001, 0x173B2A876EAEAFA5, , ../../../TPSGunsDemo/Plugins/GameFeatures/TopDownArena/Content/Game/Effects/PickUp/SM_CylinderVertical_Effect.uasset, pakchunk2-Windows, 4980736, 972800, 8821, 2809, 0x70310bd4c9cffb24e356bb92f9d165bfa33a5417, ExportBundleData, , pakchunk2, Windows, Base, Installed, 0, 972800
71, 91b7652ed932165000000001, 0x501632D92E65B791, , ../../../TPSGunsDemo/Plugins/GameFeatures/TopDownArena/Content/Game/Effects/Bomb/NS_BombExplosion.uasset, pakchunk2-Windows, 5046272, 976896, 76249, 15271, 0x70eb620e03f8c3ad8003b874a80a3fbe4e812a60, ExportBundleData, , pakchunk2, Windows, Base, Installed, 0, 976896
72, 9f1f567a3f63cada00000009, 0xDACA633F7A561F9F, , <ShaderCode>, pakchunk2-Windows, 5177344, 993280, 2823, 2823, 0x23ef6e7bc13d180dba5b26ec209b57cde0242654, ShaderCode, , pakchunk2, Windows, Base, Installed, 0, 993280
73, 2c984beabb18442f00000009, 0x2F4418BBEA4B982C, , <ShaderCode>, pakchunk2-Windows, 5242880, 997376, 6565, 6565, 0x350938397e09235c444cbc056f4c702a3f97908c, ShaderCode, , pakchunk2, Windows, Base, Installed, 0, 997376
74, 9b0380dc025c19e400000009, 0xE4195C02DC80039B, , <ShaderCode>, pakchunk2-Windows, 5308416, 1005568, 3023, 3023, 0xad01bd6c10dc288710f9af47ccb45209ffcd2ed4, ShaderCode, , pakchunk2, Windows, Base, Installed, 0, 1005568
75, fcc6042d7cb9df1e00000009, 0x1EDFB97C2D04C6FC, , <ShaderCode>, pakchunk2-Windows, 5373952, 1009664, 7021, 7021, 0x9a2a08762b36cd4b3bcdbdcccd78d36f35eb6706, ShaderCode, , pakchunk2, Windows, Base, Installed, 0, 1009664
76, 6d6fb0c9dd4ee5db00000009, 0xDBE54EDDC9B06F6D, , <ShaderCode>, pakchunk2-Windows, 5439488, 1017856, 5217, 5217, 0x0b2678e377c2840132c8e45c919b4d2e86ae7f6a, ShaderCode, , pakchunk2, Windows, Base, Installed, 0, 1017856
77, 9463f218bed5367400000009, 0x7436D5BE18F26394, , <ShaderCode>, pakchunk2-Windows, 5505024, 1024000, 5070, 5070, 0x97b4da5bfd0121731ae946d57ea10a0894c1e27d, ShaderCode, , pakchunk2, Windows, Base, Installed, 0, 1024000
78, e85d1595d9ea82e900000001, 0xE982EAD995155DE8, , ../../../TPSGunsDemo/Plugins/GameFeatures/TopDownArena/Content/Game/Bombs/ExplosionFireballCue.uasset, pakchunk2-Windows, 5570560, 1029072, 951, 951, 0x652e5ed03b729ce7f457b9ad19c230eaf87bd773, ExportBundleData, , pakchunk2, Windows, Base, Installed, 0, 1029072
79, 6bde383bf41e0d1500000001, 0x150D1EF43B38DE6B, , ../../../TPSGunsDemo/Plugins/GameFeatures/TopDownArena/Content/Game/Effects/PickUp/NS_TopDownArenaPickupRange.uasset, pakchunk2-Windows, 5636096, 1030144, 118013, 24168, 0x0fbc8af3de3b2288c2d53f0f6f3833d333099349, ExportBundleData, , pakchunk2, Windows, Base, Installed, 0, 1030144
80, 89b5f56ea1e6b89100000009, 0x91B8E6A16EF5B589, , <ShaderCode>, pakchunk2-Windows, 5767168, 1054720, 6550, 6550, 0x9e2ac623e7ff4f48ba1f787765426bb9469a1d04, ShaderCode, , pakchunk2, Windows, Base, Installed, 0, 1054720
81, 536013b09f6376c000000009, 0xC076639FB0136053, , <ShaderCode>, pakchunk2-Windows, 5832704, 1062912, 2596, 2596, 0xeb059246ab31adfdffcafebf2155e8353645152a, ShaderCode, , pakchunk2, Windows, Base, Installed, 0, 1062912
82, e3a76d864d650cc000000009, 0xC00C654D866DA7E3, , <ShaderCode>, pakchunk2-Windows, 5898240, 1067008, 2846, 2846, 0xfa0c3c5ef36d14b5901f1de6ff1fcf5f8cb5fc72, ShaderCode, , pakchunk2, Windows, Base, Installed, 0, 1067008
83, ceb7fc7e6359864a00000009, 0x4A8659637EFCB7CE, , <ShaderCode>, pakchunk2-Windows, 5963776, 1071104, 6034, 6034, 0xc390c80141ed5e425d46bf86961e2f2b4c3b0f48, ShaderCode, , pakchunk2, Windows, Base, Installed, 0, 1071104
84, 1665e05bf18b8a9f00000009, 0x9F8A8BF15BE06516, , <ShaderCode>, pakchunk2-Windows, 6029312, 1077248, 2729, 2729, 0x82c224d93709ec1932bff72c0ddba431bd77dea8, ShaderCode, , pakchunk2, Windows, Base, Installed, 0, 1077248
85, 261cb11c23cc0a0100000009, 0x10ACC231CB11C26, , <ShaderCode>, pakchunk2-Windows, 6094848, 1081344, 4854, 4854, 0xc5df9f7dabc043b7b466577183f69d834eba87c6, ShaderCode, , pakchunk2, Windows, Base, Installed, 0, 1081344
86, 4a353a1e42b4b0a200000009, 0xA2B0B4421E3A354A, , <ShaderCode>, pakchunk2-Windows, 6160384, 1087488, 4742, 4742, 0x6cb61c60c26c401a12d57632f2586d6482111ac3, ShaderCode, , pakchunk2, Windows, Base, Installed, 0, 1087488
87, 07658896e88428a800000009, 0xA82884E896886507, , <ShaderCode>, pakchunk2-Windows, 6225920, 1093632, 4236, 4236, 0x1e7c437b0697c0880014ff2f3871d95865d7f5c6, ShaderCode, , pakchunk2, Windows, Base, Installed, 0, 1093632
88, c6813e618c274ea200000009, 0xA24E278C613E81C6, , <ShaderCode>, pakchunk2-Windows, 6291456, 1099776, 6775, 6775, 0x14d86cbd9d16fdeae10e4314d84cc5c590796e30, ShaderCode, , pakchunk2, Windows, Base, Installed, 0, 1099776
89, 6086fefdb1ca899c00000001, 0x9C89CAB1FDFE8660, , ../../../TPSGunsDemo/Plugins/GameFeatures/TopDownArena/Content/Game/Pickups/GE_BombRangeUp.uasset, pakchunk2-Windows, 6356992, 1106560, 1515, 862, 0xc1a517f15601e15745e2ef9bb9e529f5ffec6164, ExportBundleData, , pakchunk2, Windows, Base, Installed, 0, 1106560
90, 7bd814509767891200000001, 0x128967975014D87B, , ../../../TPSGunsDemo/Plugins/GameFeatures/TopDownArena/Content/Game/Effects/PickUp/NS_TopDownArenaPickupBomb.uasset, pakchunk2-Windows, 6422528, 1107968, 118012, 24148, 0x0a796fd758b42477fa2e5e297e220475a4ea4756, ExportBundleData, , pakchunk2, Windows, Base, Installed, 0, 1107968
91, 0e17af8e0248a46300000009, 0x63A448028EAF170E, , <ShaderCode>, pakchunk2-Windows, 6553600, 1132544, 4744, 4744, 0x83f5ac3200c79a2bbc0ff9bf60351a4d87356495, ShaderCode, , pakchunk2, Windows, Base, Installed, 0, 1132544
92, e68093b0b695ea9800000009, 0x98EA95B6B09380E6, , <ShaderCode>, pakchunk2-Windows, 6619136, 1138688, 2787, 2787, 0xc6f2d3261d36c767b6b5037e0b2e7285f25c1031, ShaderCode, , pakchunk2, Windows, Base, Installed, 0, 1138688
93, c1f139d251e7d8de00000009, 0xDED8E751D239F1C1, , <ShaderCode>, pakchunk2-Windows, 6684672, 1142784, 4239, 4239, 0xd5ab3fdba82c2d7b1963cfde41242a2635d1f429, ShaderCode, , pakchunk2, Windows, Base, Installed, 0, 1142784
94, e8f92b3484a8cc4400000009, 0x44CCA884342BF9E8, , <ShaderCode>, pakchunk2-Windows, 6750208, 1148928, 2606, 2606, 0x3fcc3c3b6d68df17e52e4475012bdbeeefc6b44a, ShaderCode, , pakchunk2, Windows, Base, Installed, 0, 1148928
95, 16631fcb9a48ede500000009, 0xE5ED489ACB1F6316, , <ShaderCode>, pakchunk2-Windows, 6815744, 1153024, 2863, 2863, 0xb3dbdd05c9a6eff090d74f15a4d7905ff7d04d88, ShaderCode, , pakchunk2, Windows, Base, Installed, 0, 1153024
96, c542f6a047c530c800000009, 0xC830C547A0F642C5, , <ShaderCode>, pakchunk2-Windows, 6881280, 1157120, 6560, 6560, 0x64066587ea07e398aea2ee814cb20c0dc3dd1577, ShaderCode, , pakchunk2, Windows, Base, Installed, 0, 1157120
97, 3e125663e5128bea00000009, 0xEA8B12E56356123E, , <ShaderCode>, pakchunk2-Windows, 6946816, 1165312, 6779, 6779, 0x33fd8690a255fb2f7b38b2ba5282ee21e0f1ae5b, ShaderCode, , pakchunk2, Windows, Base, Installed, 0, 1165312
98, 2142dc1bc0f4a50200000009, 0x2A5F4C01BDC4221, , <ShaderCode>, pakchunk2-Windows, 7012352, 1173504, 4862, 4862, 0xca67b95d85465432894cae5cc30985dac84955c8, ShaderCode, , pakchunk2, Windows, Base, Installed, 0, 1173504
99, f936ccbb0577a1fb00000009, 0xFBA17705BBCC36F9, , <ShaderCode>, pakchunk2-Windows, 7077888, 1179648, 6039, 6039, 0x2bcb3e1623f6d2feb09d05278753a9473d4e1e28, ShaderCode, , pakchunk2, Windows, Base, Installed, 0, 1179648
100, d67b9521014ca65800000001, 0x58A64C0121957BD6, , ../../../TPSGunsDemo/Plugins/GameFeatures/TopDownArena/Content/Game/Pickups/GE_BombCountUp.uasset, pakchunk2-Windows, 7143424, 1185792, 1779, 907, 0x4ec05984dee57facee7032459d7874b9b40e00a3, ExportBundleData, , pakchunk2, Windows, Base, Installed, 0, 1185792
101, 138760271ae4193700000001, 0x3719E41A27608713, , ../../../TPSGunsDemo/Plugins/GameFeatures/TopDownArena/Content/Game/Pickups/B_TopDownArena_Pickup.uasset, pakchunk2-Windows, 7208960, 1187840, 8037, 3131, 0x46ef1205dbc357be319552d002db39666d0021d0, ExportBundleData, , pakchunk2, Windows, Base, Installed, 0, 1187840
102, 09146ae344352c4200000001, 0x422C3544E36A1409, , ../../../TPSGunsDemo/Plugins/GameFeatures/TopDownArena/Content/Game/Environment/MI_DestructibleBlock.uasset, pakchunk2-Windows, 7274496, 1190976, 458, 458, 0x5dc871d3183959cbf02252ca618a4a503af4b259, ExportBundleData, , pakchunk2, Windows, Base, Installed, 0, 1190976
103, dcf9a0c0a0a8283500000001, 0x3528A8A0C0A0F9DC, , ../../../TPSGunsDemo/Plugins/GameFeatures/TopDownArena/Content/Game/Environment/B_DestructableBlock.uasset, pakchunk2-Windows, 7340032, 1191936, 2449, 1206, 0xc9c9f9803e97052fa6a9295fa45722d2dfcf2f4d, ExportBundleData, , pakchunk2, Windows, Base, Installed, 0, 1191936
104, 67a7844383289bfa00000001, 0xFA9B28834384A767, , ../../../TPSGunsDemo/Plugins/GameFeatures/TopDownArena/Content/Game/Bombs/B_Bomb_Base.uasset, pakchunk2-Windows, 7405568, 1193984, 23463, 7399, 0x04a337e33d577744b8f15a1f8f26427720a0dbc0, ExportBundleData, , pakchunk2, Windows, Base, Installed, 0, 1193984
105, 06f5af5425e5a6b400000001, 0xB4A6E52554AFF506, , ../../../TPSGunsDemo/Plugins/GameFeatures/TopDownArena/Content/Game/Bombs/M_Bomb.uasset, pakchunk2-Windows, 7471104, 1202176, 17617, 3816, 0x90404bec7d532ce15723e2004285008d0aec5405, ExportBundleData, , pakchunk2, Windows, Base, Installed, 0, 1202176
106, bb697ec0ebb3c28d00000009, 0x8DC2B3EBC07E69BB, , <ShaderCode>, pakchunk2-Windows, 7536640, 1206272, 33912, 33912, 0x05ea13984b6ccbae379eec5ff077172f6a32313f, ShaderCode, , pakchunk2, Windows, Base, Installed, 0, 1206272
107, a33f44761754556c00000009, 0x6C55541776443FA3, , <ShaderCode>, pakchunk2-Windows, 7602176, 1241088, 3284, 3284, 0xdd73e5344ad03f062483043f2954d47e27da7c4b, ShaderCode, , pakchunk2, Windows, Base, Installed, 0, 1241088
108, b6dafc7840fe343d00000009, 0x3D34FE4078FCDAB6, , <ShaderCode>, pakchunk2-Windows, 7667712, 1245184, 40854, 40854, 0xec817671cdb8570c660e3b0f40fab95308d3b1be, ShaderCode, , pakchunk2, Windows, Base, Installed, 0, 1245184
109, 38b216c493a2391a00000001, 0x1A39A293C416B238, , ../../../TPSGunsDemo/Plugins/GameFeatures/TopDownArena/Content/Game/Bombs/B_Bomb_Standard.uasset, pakchunk2-Windows, 7733248, 1286144, 10579, 4117, 0xd0509c60eb332180b75e5ad54325bc5810d37479, ExportBundleData, , pakchunk2, Windows, Base, Installed, 0, 1286144
110, 64090c6c1dcdd16300000001, 0x63D1CD1D6C0C0964, , ../../../TPSGunsDemo/Plugins/GameFeatures/TopDownArena/Content/Game/Bombs/GA_DropBomb.uasset, pakchunk2-Windows, 7798784, 1292288, 10894, 3910, 0xb3a19b96e933628e0dd323c59c7ab9f2bd3beab6, ExportBundleData, , pakchunk2, Windows, Base, Installed, 0, 1292288
111, 138e7bab7af6934500000001, 0x4593F67AAB7B8E13, , ../../../TPSGunsDemo/Plugins/GameFeatures/TopDownArena/Content/Game/AbilitySet_Arena.uasset, pakchunk2-Windows, 7864320, 1296384, 608, 608, 0x4f2cf9d21ed0a44ac2de0a44acb44de2d8179004, ExportBundleData, , pakchunk2, Windows, Base, Installed, 0, 1296384
112, aed80f9099cd9a0100000001, 0x19ACD99900FD8AE, , ../../../TPSGunsDemo/Plugins/GameFeatures/TopDownArena/Content/Game/B_Hero_Arena.uasset, pakchunk2-Windows, 7929856, 1298432, 11021, 4570, 0xc0e339c7870c126f2c22f32d2a0320d66c5d4e5f, ExportBundleData, , pakchunk2, Windows, Base, Installed, 0, 1298432
113, 8f58364d17c3170b00000001, 0xB17C3174D36588F, , ../../../TPSGunsDemo/Plugins/GameFeatures/TopDownArena/Content/Game/HeroData_Arena.uasset, pakchunk2-Windows, 7995392, 1303008, 909, 909, 0xac09a010863f0e2823dabb1b7ccb248f026f9a02, ExportBundleData, , pakchunk2, Windows, Base, Installed, 0, 1303008
114, 827e1887edc7174900000001, 0x4917C7ED87187E82, , ../../../TPSGunsDemo/Plugins/GameFeatures/TopDownArena/Content/System/Experiences/B_TopDownArenaExperience.uasset, pakchunk2-Windows, 8060928, 1304576, 2219, 1210, 0xa1c1682ddc8f23cbf3d497c059aaa6c4ec5cb356, ExportBundleData, , pakchunk2, Windows, Base, Installed, 0, 1304576
115, 46ca5d1ed76e6e9c00000001, 0x9C6E6ED71E5DCA46, , ../../../TPSGunsDemo/Plugins/GameFeatures/TopDownArena/Content/System/Experiences/B_TopDownArena_Multiplayer_Experience.uasset, pakchunk2-Windows, 8126464, 1306624, 2440, 1273, 0x3ad2416c55488e6af6a9966031186e842dc73161, ExportBundleData, , pakchunk2, Windows, Base, Installed, 0, 1306624
116, b73e5e0384b183f700000001, 0xF783B184035E3EB7, , ../../../TPSGunsDemo/Plugins/GameFeatures/TopDownArena/Content/Game/Modes/Phase_PostGame.uasset, pakchunk2-Windows, 8192000, 1308672, 1776, 1070, 0x385d30102e952b04e9832b02b6d61de303370ed8, ExportBundleData, , pakchunk2, Windows, Base, Installed, 0, 1308672
117, 4c7bb45eb5a0c03400000001, 0x34C0A0B55EB47B4C, , ../../../TPSGunsDemo/Plugins/GameFeatures/TopDownArena/Content/Game/Modes/Phase_Playing.uasset, pakchunk2-Windows, 8257536, 1310720, 2008, 1111, 0x5e97a892d34a02fac469c1599bbe5625d9780b9c, ExportBundleData, , pakchunk2, Windows, Base, Installed, 0, 1310720
118, 941c3e9eca10ce0d00000001, 0xDCE10CA9E3E1C94, , ../../../TPSGunsDemo/Plugins/GameFeatures/TopDownArena/Content/Game/Modes/GE_Warmup.uasset, pakchunk2-Windows, 8323072, 1312768, 989, 989, 0x38e98418fe241a2c1c38d6dd8f5d1f4ad93d4ab5, ExportBundleData, , pakchunk2, Windows, Base, Installed, 0, 1312768
119, cab066927e03830300000001, 0x383037E9266B0CA, , ../../../TPSGunsDemo/Plugins/GameFeatures/TopDownArena/Content/Game/Modes/Phase_Warmup.uasset, pakchunk2-Windows, 8388608, 1314816, 5529, 2563, 0x465e05e97314b3791992ce312b27c9ee479512eb, ExportBundleData, , pakchunk2, Windows, Base, Installed, 0, 1314816
120, a0ad116929b9075c00000001, 0x5C07B9296911ADA0, , ../../../TPSGunsDemo/Plugins/GameFeatures/TopDownArena/Content/Game/Modes/B_TopDownArena_GameComponent_Base.uasset, pakchunk2-Windows, 8454144, 1318912, 11953, 4008, 0x79f3878e791bc033c7a2077dff5459c8a9f0c06b, ExportBundleData, , pakchunk2, Windows, Base, Installed, 0, 1318912
121, a49dcc0f08749e0a00000001, 0xA9E74080FCC9DA4, , ../../../TPSGunsDemo/Plugins/GameFeatures/TopDownArena/Content/Game/Modes/B_TopDownArena_GameComponent_SpawnLocalPlayers.uasset, pakchunk2-Windows, 8519680, 1323008, 4219, 1917, 0x370c0337fe9a9ae125233842086b06d95a057943, ExportBundleData, , pakchunk2, Windows, Base, Installed, 0, 1323008
122, 571e55d37e5691b900000001, 0xB991567ED3551E57, , ../../../TPSGunsDemo/Plugins/GameFeatures/TopDownArena/Content/Game/Modes/B_TopDownArena_GameComponent_Lives.uasset, pakchunk2-Windows, 8585216, 1325056, 898, 898, 0x886c40c66742f7651c97cfc96abb94e2686a11e5, ExportBundleData, , pakchunk2, Windows, Base, Installed, 0, 1325056
123, e183485f962efc9300000001, 0x93FC2E965F4883E1, , ../../../TPSGunsDemo/Plugins/GameFeatures/TopDownArena/Content/UserInterface/Player/W_Powerup_Stat.uasset, pakchunk2-Windows, 8650752, 1327104, 10222, 3982, 0x499ed8f75e36ddcf45ab8db28a7d486d6d74789f, ExportBundleData, , pakchunk2, Windows, Base, Installed, 0, 1327104
124, 3430baa07b43afdd00000001, 0xDDAF437BA0BA3034, , ../../../TPSGunsDemo/Plugins/GameFeatures/TopDownArena/Content/UserInterface/Player/W_PlayerTile.uasset, pakchunk2-Windows, 8716288, 1331200, 11182, 4056, 0x259932c8a993fce7f81dd59ba074d34469b6556b, ExportBundleData, , pakchunk2, Windows, Base, Installed, 0, 1331200
125, 86e12ab6aaccf36800000001, 0x68F3CCAAB62AE186, , ../../../TPSGunsDemo/Plugins/GameFeatures/TopDownArena/Content/UserInterface/W_TopDownPlayers.uasset, pakchunk2-Windows, 8781824, 1335296, 3250, 1518, 0x7d59d2d4e1120047678765a3b17d61c0bf038f0f, ExportBundleData, , pakchunk2, Windows, Base, Installed, 0, 1335296
126, ad9c479ae99841f500000001, 0xF54198E99A479CAD, , ../../../TPSGunsDemo/Plugins/GameFeatures/TopDownArena/Content/UserInterface/W_RoundTimer.uasset, pakchunk2-Windows, 8847360, 1337344, 7356, 3147, 0x52ce11a0f6a1f701e8cd1ae5f9eadbc8c9cc2ef3, ExportBundleData, , pakchunk2, Windows, Base, Installed, 0, 1337344
127, 56e95b16e4b84de900000001, 0xE94DB8E4165BE956, , ../../../TPSGunsDemo/Plugins/GameFeatures/TopDownArena/Content/UserInterface/W_TopDownArenaHUDLayout.uasset, pakchunk2-Windows, 8912896, 1341440, 4226, 1807, 0xe8e5afdcca7003f2bea10f7281c1bb885a7d7d74, ExportBundleData, , pakchunk2, Windows, Base, Installed, 0, 1341440
128, 8da870302ef4687f00000001, 0x7F68F42E3070A88D, , ../../../TPSGunsDemo/Plugins/GameFeatures/TopDownArena/Content/Game/Environment/B_EditorMapInfo.uasset, pakchunk2-Windows, 8978432, 1343488, 1748, 929, 0x67c48f77248fa19fdc737e813f711c81506b9f80, ExportBundleData, , pakchunk2, Windows, Base, Installed, 0, 1343488
129, 4d1316b2c3a7aa7000000001, 0x70AAA7C3B216134D, , ../../../TPSGunsDemo/Plugins/GameFeatures/TopDownArena/Content/Game/Environment/M_Background.uasset, pakchunk2-Windows, 9043968, 1345536, 12053, 2729, 0xfcaf4464d40594e2681302d2b5368e01a4ffef4b, ExportBundleData, , pakchunk2, Windows, Base, Installed, 0, 1345536
130, 21726edfbdd9dc7900000009, 0x79DCD9BDDF6E7221, , <ShaderCode>, pakchunk2-Windows, 9109504, 1349632, 18349, 18349, 0xa0ee25c6f662ed98db9315567140b087367893ca, ShaderCode, , pakchunk2, Windows, Base, Installed, 0, 1349632
131, f4c500e4aea42fe500000009, 0xE52FA4AEE400C5F4, , <ShaderCode>, pakchunk2-Windows, 9175040, 1368064, 24665, 24665, 0xaefe21a6aeaf8e778bc7349f637c18f480cd3806, ShaderCode, , pakchunk2, Windows, Base, Installed, 0, 1368064
132, 79dd284bcbf7afb600000009, 0xB6AFF7CB4B28DD79, , <ShaderCode>, pakchunk2-Windows, 9240576, 1394688, 2424, 2424, 0xf90f338341769878435033d2d491ba3db0d37e5a, ShaderCode, , pakchunk2, Windows, Base, Installed, 0, 1394688
133, 5048dce08a2f338400000001, 0x84332F8AE0DC4850, , ../../../TPSGunsDemo/Plugins/LyraExampleContent/Content/Materials/M_MetalChroma.uasset, pakchunk2-Windows, 9306112, 1398784, 20500, 4825, 0x5433e73e89a492648ebd634e59d585bd83236f08, ExportBundleData, , pakchunk2, Windows, Base, Installed, 0, 1398784
134, 8ef1f64e8d67f24400000001, 0x44F2678D4EF6F18E, , ../../../TPSGunsDemo/Plugins/LyraExampleContent/Content/Materials/MI_MetalChroma.uasset, pakchunk2-Windows, 9371648, 1404928, 18155, 4101, 0xddcfc8eb68562a11113711223c22e6bc7d923858, ExportBundleData, , pakchunk2, Windows, Base, Installed, 0, 1404928
135, eab5270dee0feb2100000009, 0x21EB0FEE0D27B5EA, , <ShaderCode>, pakchunk2-Windows, 9437184, 1411072, 35609, 35609, 0x1c07aa7b2946416ac72c53b81976381eeafc6236, ShaderCode, , pakchunk2, Windows, Base, Installed, 0, 1411072
136, 6c137441e8429c0000000009, 0x9C42E84174136C, , <ShaderCode>, pakchunk2-Windows, 9502720, 1447936, 27102, 27102, 0x3ccd38e6c7646dfad75b1c8123f1e75b2fb0b254, ShaderCode, , pakchunk2, Windows, Base, Installed, 0, 1447936
137, fd2eb133f5b49ef400000001, 0xF49EB4F533B12EFD, , ../../../TPSGunsDemo/Plugins/GameFeatures/TopDownArena/Content/Game/Environment/M_GroundFloor.uasset, pakchunk2-Windows, 9568256, 1476608, 17306, 4121, 0x283896ecdcba0826470f65ffe13d5436f1de8bd1, ExportBundleData, , pakchunk2, Windows, Base, Installed, 0, 1476608
138, bd0f8df4e960624600000009, 0x466260E9F48D0FBD, , <ShaderCode>, pakchunk2-Windows, 9633792, 1482752, 22841, 22841, 0x257ddf93939f4513d3b4d26b4d80329342aeeec0, ShaderCode, , pakchunk2, Windows, Base, Installed, 0, 1482752
139, 880ba9c0d08a433500000009, 0x35438AD0C0A90B88, , <ShaderCode>, pakchunk2-Windows, 9699328, 1507328, 3173, 3173, 0xdca31323b397c7fa9cfdbb489ea271d67176d781, ShaderCode, , pakchunk2, Windows, Base, Installed, 0, 1507328
140, 6f0249916f44f4e700000009, 0xE7F4446F9149026F, , <ShaderCode>, pakchunk2-Windows, 9764864, 1511424, 30682, 30682, 0xbe6861a77355e9f3623cb71e676b0d69111c190a, ShaderCode, , pakchunk2, Windows, Base, Installed, 0, 1511424
141, 20c72bc89049adff00000001, 0xFFAD4990C82BC720, , ../../../TPSGunsDemo/Plugins/GameFeatures/TopDownArena/Content/Game/Environment/MI_GroundFloor.uasset, pakchunk2-Windows, 9830400, 1542144, 897, 897, 0x580606f320cc03f9bf1cea14429516a0e11e6c1d, ExportBundleData, , pakchunk2, Windows, Base, Installed, 0, 1542144
142, 9b93304d4360fe3600000001, 0x36FE60434D30939B, , ../../../TPSGunsDemo/Plugins/GameFeatures/TopDownArena/Content/Maps/L_TopDownArenaGym.umap, pakchunk2-Windows, 9895936, 1544192, 59549, 10337, 0x7e417c9d14412276f0807c2bae69348667bcd343, ExportBundleData, , pakchunk2, Windows, Base, Installed, 0, 1544192
143, 519b1b6d6c6388b400000001, 0xB488636C6D1B9B51, , ../../../TPSGunsDemo/Plugins/GameFeatures/TopDownArena/Content/Maps/L_TopDown_LocalMultiplayer.umap, pakchunk2-Windows, 9961472, 1556480, 48374, 9287, 0xc56b4b8c4337ed5ca2d4b0cb36040549a22ddf6a, ExportBundleData, , pakchunk2, Windows, Base, Installed, 0, 1556480
144, 53772bff75f6de5200000001, 0x52DEF675FF2B7753, , ../../../TPSGunsDemo/Plugins/GameFeatures/TopDownArena/Content/System/Playlists/DA_TopDownArena_Splode.uasset, pakchunk2-Windows, 10027008, 1566720, 1000, 1000, 0x4678ccc968e5fc307d69b917d9b9e9e01db67325, ExportBundleData, , pakchunk2, Windows, Base, Installed, 0, 1566720
145, 93a623068530415d00000001, 0x5D4130850623A693, , ../../../TPSGunsDemo/Plugins/GameFeatures/TopDownArena/Content/System/Playlists/DA_TopDownArena_Multiplayer.uasset, pakchunk2-Windows, 10092544, 1567728, 1064, 754, 0x968c7d52ffd4d1c1fd74b9ab7ee73926bcc9f114, ExportBundleData, , pakchunk2, Windows, Base, Installed, 0, 1567728
146, b57c3523afc3873900000001, 0x3987C3AF23357CB5, , ../../../TPSGunsDemo/Plugins/GameFeatures/TopDownArena/Content/UserInterface/Player/Texture/T_Bombs.uasset, pakchunk2-Windows, 10158080, 1568768, 66056, 7245, 0xb0ee5fe95ca32682b48e68f35becae6f86488680, ExportBundleData, , pakchunk2, Windows, Base, Installed, 0, 1568768
147, 2497cad1084be34a00000001, 0x4AE34B08D1CA9724, , ../../../TPSGunsDemo/Plugins/GameFeatures/TopDownArena/Content/GameplayCues/W_GetReady.uasset, pakchunk2-Windows, 10289152, 1576960, 5209, 2436, 0x1256a7bcbd2862df3ef720657e5dcd83b3845427, ExportBundleData, , pakchunk2, Windows, Base, Installed, 0, 1576960
148, 302d450c11d270df00000001, 0xDF70D2110C452D30, , ../../../TPSGunsDemo/Plugins/GameFeatures/TopDownArena/Content/Game/B_TeamSetup_FourTeams.uasset, pakchunk2-Windows, 10354688, 1579408, 1000, 1000, 0x163b370db921331159c94b9f66fc9c995cab119d, ExportBundleData, , pakchunk2, Windows, Base, Installed, 0, 1579408
149, d69381a6eaa25f9400000001, 0x945FA2EAA68193D6, , ../../../TPSGunsDemo/Plugins/GameFeatures/TopDownArena/Content/UserInterface/Player/Texture/T_Speed.uasset, pakchunk2-Windows, 10420224, 1581056, 16889, 3233, 0xc415ed3fca1c74f70bc7654d6c7fc3e214d972ba, ExportBundleData, , pakchunk2, Windows, Base, Installed, 0, 1581056
150, 8f03b08d0c85fda600000001, 0xA6FD850C8DB0038F, , ../../../TPSGunsDemo/Plugins/GameFeatures/TopDownArena/Content/UserInterface/Player/Texture/T_Range.uasset, pakchunk2-Windows, 10485760, 1585152, 16889, 3223, 0xbd807c2758b9dea2f37efcb1013f10113281b29e, ExportBundleData, , pakchunk2, Windows, Base, Installed, 0, 1585152
151, efece26a3f9c5ba900000001, 0xA95B9C3F6AE2ECEF, , ../../../TPSGunsDemo/Plugins/GameFeatures/TopDownArena/Content/UserInterface/Player/B_PlayerUIComponent.uasset, pakchunk2-Windows, 10551296, 1589248, 2918, 1563, 0x6b77c29d95040d6a281f01019268cef4a0a29cdc, ExportBundleData, , pakchunk2, Windows, Base, Installed, 0, 1589248
152, efcd74ff615485cb00000002, 0xCB855461FF74CDEF, , ../../../TPSGunsDemo/Plugins/LyraExampleContent/Content/Materials/Textures/T_Concrete_Normal.ubulk, pakchunk2-Windows, 10616832, 1591296, 5586944, 1952523, 0xfe6611d76ce0db77e21e25170b55fabd2e029f10, BulkData, , pakchunk2, Windows, Base, Installed, 0, 1591296
153, 8f428397e8d279aa00000002, 0xAA79D2E89783428F, , ../../../TPSGunsDemo/Plugins/LyraExampleContent/Content/Materials/Textures/T_Concrete_Glossiness.ubulk, pakchunk2-Windows, 16252928, 3545088, 2793472, 1303571, 0x152d38440ff2f26f12807e1fab902d96fddb382f, BulkData, , pakchunk2, Windows, Base, Installed, 0, 3545088
154, 213140b44295a6ea00000002, 0xEAA69542B4403121, , ../../../TPSGunsDemo/Plugins/GameFeatures/TopDownArena/Content/Game/Effects/PickUp/T_BombPickUp.ubulk, pakchunk2-Windows, 19070976, 4849664, 696320, 1392, 0x1ec991ea76eec96f7f91ad135fa8e6771bc4c6b3, BulkData, , pakchunk2, Windows, Base, Installed, 0, 4849664
155, 12eef3ad308107b200000002, 0xB2078130ADF3EE12, , ../../../TPSGunsDemo/Plugins/GameFeatures/TopDownArena/Content/Game/Pickups/T_BombCountUp.ubulk, pakchunk2-Windows, 19791872, 4851712, 16384, 1159, 0x461d0f39478228f454819cf9973b7d7eb1dc6c3a, BulkData, , pakchunk2, Windows, Base, Installed, 0, 4851712
156, b4e2783213b7649000000002, 0x9064B7133278E2B4, , ../../../TPSGunsDemo/Plugins/GameFeatures/TopDownArena/Content/Game/Pickups/T_BombRangeUp.ubulk, pakchunk2-Windows, 19857408, 4853760, 16384, 1590, 0x4663d1fd7683b3adebaf9ce49153d7f9e46ea448, BulkData, , pakchunk2, Windows, Base, Installed, 0, 4853760
157, 1ae4a41dcdd1e85600000002, 0x56E8D1CD1DA4E41A, , ../../../TPSGunsDemo/Plugins/GameFeatures/TopDownArena/Content/Game/Effects/SM_GeoSphere.ubulk, pakchunk2-Windows, 19922944, 4855360, 144, 144, 0x21b25992f80341cc6358e7a9f50de6f89cd6959f, BulkData, , pakchunk2, Windows, Base, Installed, 0, 4855360
158, a97e81365d0002b100000002, 0xB102005D36817EA9, , ../../../TPSGunsDemo/Plugins/GameFeatures/TopDownArena/Content/Game/Effects/PickUp/SM_ExtraBomb.ubulk, pakchunk2-Windows, 19988480, 4855808, 1552, 601, 0x1e000dc5695821de7530c98985fba17e981da291, BulkData, , pakchunk2, Windows, Base, Installed, 0, 4855808
159, 92ff62899f817a1d00000002, 0x1D7A819F8962FF92, , ../../../TPSGunsDemo/Plugins/GameFeatures/TopDownArena/Content/Game/Effects/PickUp/SM_ExtraRange.ubulk, pakchunk2-Windows, 20054016, 4856416, 1036, 172, 0x7d75981030a71d9ff33f5afea2f5d56a90bea2b4, BulkData, , pakchunk2, Windows, Base, Installed, 0, 4856416
160, 6677455d6433e71900000002, 0x19E733645D457766, , ../../../TPSGunsDemo/Plugins/GameFeatures/TopDownArena/Content/Game/Bombs/Explosion22.ubulk, pakchunk2-Windows, 20119552, 4857856, 12109, 12109, 0xb2cf8a35a081129e4b13e7f809562f119688376e, BulkData, , pakchunk2, Windows, Base, Installed, 0, 4857856
161, a5afae6e872a3b1700000002, 0x173B2A876EAEAFA5, , ../../../TPSGunsDemo/Plugins/GameFeatures/TopDownArena/Content/Game/Effects/PickUp/SM_CylinderVertical_Effect.ubulk, pakchunk2-Windows, 20185088, 4869968, 144, 144, 0x21b25992f80341cc6358e7a9f50de6f89cd6959f, BulkData, , pakchunk2, Windows, Base, Installed, 0, 4869968
162, 7632e4f476180c9100000006, 0x910C1876F4E43276, , <ContainerHeader>, pakchunk2-Windows, 20250624, 4870144, 3584, 3584, 0xfc8e29b4e06264759312be046e625532e1892fd2, ContainerHeader, , pakchunk2, Windows, Base, Installed, 0, 4870144
